<?xml version='1.0' encoding='UTF-8'?>
<?artifactRepository version='1.1.0'?>
<repository name='org.zeroturnaround.eclipse.updatesite Artifacts' type='org.eclipse.equinox.p2.artifact.repository.simpleRepository' version='1'>
  <properties size='2'>
    <property name='p2.timestamp' value='1461239602453'/>
    <property name='p2.compressed' value='true'/>
  </properties>
  <mappings size='3'>
    <rule filter='(&amp; (classifier=osgi.bundle))' output='${repoUrl}/plugins/${id}_${version}.jar'/>
    <rule filter='(&amp; (classifier=binary))' output='${repoUrl}/binary/${id}_${version}'/>
    <rule filter='(&amp; (classifier=org.eclipse.update.feature))' output='${repoUrl}/features/${id}_${version}.jar'/>
  </mappings>
  <artifacts size='11'>
    <artifact classifier='osgi.bundle' id='org.zeroturnaround.eclipse.wtp' version='6.4.3.RELEASE'>
      <properties size='3'>
        <property name='artifact.size' value='134075'/>
        <property name='download.size' value='134075'/>
        <property name='download.md5' value='28bbbb41c96c981a4517a3c4cdc8d269'/>
      </properties>
    </artifact>
    <artifact classifier='osgi.bundle' id='org.zeroturnaround.eclipse.config' version='6.4.3.RELEASE'>
      <properties size='3'>
        <property name='artifact.size' value='427781'/>
        <property name='download.size' value='427781'/>
        <property name='download.md5' value='68559cd7e2860da350643e29c6aca470'/>
      </properties>
    </artifact>
    <artifact classifier='osgi.bundle' id='org.zeroturnaround.eclipse.embedder' version='6.4.3.RELEASE'>
      <properties size='3'>
        <property name='artifact.size' value='21476816'/>
        <property name='download.size' value='21476816'/>
        <property name='download.md5' value='31e1f5ef88b94dffc373dbc7c8b7aacc'/>
      </properties>
    </artifact>
    <artifact classifier='osgi.bundle' id='org.zeroturnaround.eclipse.debug' version='6.4.3.RELEASE'>
      <properties size='3'>
        <property name='artifact.size' value='1186109'/>
        <property name='download.size' value='1186109'/>
        <property name='download.md5' value='a1232617a50876a94a4b23b6d592bb49'/>
      </properties>
    </artifact>
    <artifact classifier='org.eclipse.update.feature' id='org.zeroturnaround.eclipse.feature' version='6.4.3.RELEASE'>
      <properties size='4'>
        <property name='artifact.size' value='26570'/>
        <property name='download.size' value='26570'/>
        <property name='download.md5' value='98050af670f6e9193323484d36d5bded'/>
        <property name='download.contentType' value='application/zip'/>
      </properties>
    </artifact>
    <artifact classifier='osgi.bundle' id='org.zeroturnaround.myeclipse' version='6.4.3.RELEASE'>
      <properties size='3'>
        <property name='artifact.size' value='16702'/>
        <property name='download.size' value='16702'/>
        <property name='download.md5' value='f808c878614bbb5ad86f31ae6e9cbb77'/>
      </properties>
    </artifact>
    <artifact classifier='org.eclipse.update.feature' id='org.zeroturnaround.myeclipse.feature' version='6.4.3.RELEASE'>
      <properties size='4'>
        <property name='artifact.size' value='26495'/>
        <property name='download.size' value='26495'/>
        <property name='download.md5' value='2bf39a6fc83e6fdc1aa2bbe1b0dfc333'/>
        <property name='download.contentType' value='application/zip'/>
      </properties>
    </artifact>
    <artifact classifier='osgi.bundle' id='org.zeroturnaround.eclipse.wtp.websphere' version='6.4.3.RELEASE'>
      <properties size='3'>
        <property name='artifact.size' value='20119'/>
        <property name='download.size' value='20119'/>
        <property name='download.md5' value='af61de96f939048a6059787d06af2fa5'/>
      </properties>
    </artifact>
    <artifact classifier='osgi.bundle' id='org.zeroturnaround.eclipse.remoting' version='6.4.3.RELEASE'>
      <properties size='3'>
        <property name='artifact.size' value='137211'/>
        <property name='download.size' value='137211'/>
        <property name='download.md5' value='6f7320471e65e20cf51f67e2b91df6f8'/>
      </properties>
    </artifact>
    <artifact classifier='osgi.bundle' id='org.zeroturnaround.eclipse' version='6.4.3.RELEASE'>
      <properties size='3'>
        <property name='artifact.size' value='5702611'/>
        <property name='download.size' value='5702611'/>
        <property name='download.md5' value='d7de5d778866ec8b7f1875b2d2ee2d61'/>
      </properties>
    </artifact>
    <artifact classifier='org.eclipse.update.feature' id='org.zeroturnaround.eclipse.wtp.feature' version='6.4.3.RELEASE'>
      <properties size='4'>
        <property name='artifact.size' value='26532'/>
        <property name='download.size' value='26532'/>
        <property name='download.md5' value='e425b72e01bc1f97f36185d4d3dd75e4'/>
        <property name='download.contentType' value='application/zip'/>
      </properties>
    </artifact>
  </artifacts>
</repository>
